564110,344786792,False
700556,382188200,False
249855,250697248,False
629018,358066360,False
383541,291501760,False
468127,278467680,False
469034,316861752,False
633292,359792520,False
619514,361386520,False
615405,360004512,False
238645,248883264,False
321288,273544736,False
441890,308129768,False
251248,246820864,False
14080,183178496,True
601550,345021240,False
385573,292429584,False
164196,229547976,False
174087,231011112,False
174851,231599200,False
80110,203765680,False
559265,343785504,False
18396,185822976,True
74215,202562296,False
395134,296052952,False
280816,262266176,False
473841,317282984,False
648376,370477664,False
72509,202410672,False
24475,187753736,True
633594,359500920,False
19866,184929048,True
257328,255216584,False
262306,258175304,False
306389,264839720,False
54145,195820672,False
533263,330695344,False
203495,238841704,False
675057,375827520,False
403323,299318432,False
521696,323627496,False
35110,190908952,True
429737,289479632,False
48103,194575864,False
81306,198281224,False
308523,264071208,False
595866,353901184,False
342511,281529688,False
227245,245171112,False
311797,270509792,False
387770,292572808,False
621484,359998760,False
85500,205507832,False
390313,294110672,False
556165,342218648,False
73966,201002472,False
350023,279081584,False
254272,251063592,False
304241,269467592,False
217980,226101296,False
551195,336476224,False
121649,215783312,False
93541,205348264,False
127972,214701168,False
644773,368219896,False
369139,287341504,False
308723,270858440,False
369080,288400040,False
642762,362591072,False
636617,360621456,False
482842,321327080,False
54957,195147312,False
645470,363445736,False
173637,231421720,False
672606,370540472,False
477897,317674840,False
721564,385412312,False
592643,353832776,False
22328,186972288,True
194750,238798168,False
293172,267698512,False
111848,212488544,False
61125,197713976,False
562711,290911248,False
546839,340775888,False
407192,299760632,False
225495,228515696,False
262739,257570048,False
564741,328921736,False
579598,349911024,False
513694,331088528,False
220223,244062120,False
153692,222732024,False
846069,367582512,False
407893,296139800,False
151668,224697120,False
520288,332121424,False
376805,289138152,False
407485,295454856,False
232813,248348872,False
289132,263716560,False
429142,306952128,False
460559,312309320,False
485107,320489384,False
551025,343745400,False
283463,263962768,False
689694,383548040,False
190809,232799384,False
655474,361712664,False
682397,369487816,False
104635,211658832,False
516872,331774552,False
12104,183260232,True
611529,359694528,False
301245,268366992,False
306540,269427216,False
731723,327472904,False
454896,312955192,False
241505,249417440,False
404879,298966840,False
621165,361051368,False
398813,294783144,False
519416,325597104,False
299200,264501408,False
393465,295269680,False
529585,335294712,False
633800,359161672,False
531815,334107352,False
184257,233833744,False
626618,364135896,False
175989,228851744,False
156224,225481744,False
290088,263832840,False
249720,251547768,False
15701,185802808,True
147018,223077056,False
606058,356265736,False
316670,274022880,False
111108,212180328,False
122579,215071584,False
108522,211556256,False
509747,322753392,False
280093,256540368,False
514817,331229088,False
605581,359008912,False
618970,343736064,False
139389,219752760,False
362993,277300856,False
163337,225422912,False
216363,242970664,False
587104,341592872,False
658851,374370480,False
432371,297933392,False
546963,335593824,False
378217,289437488,False
374115,291079648,False
367472,283466912,False
44610,189146016,True
543170,337419024,False
61465,198101000,False
645870,356335648,False
535759,336285168,False
135061,219066072,False
635818,360278128,False
454217,311921184,False
458920,312214392,False
564977,341706080,False
619478,358934648,False
578564,347924384,False
691507,380837016,False
684855,379784960,False
62387,198046536,False
589704,349832728,False
147848,224500424,False
256891,249774328,False
358801,284018856,False
301633,267420944,False
405686,297970960,False
598231,354539576,False
686967,376382448,False
372380,288360376,False
535038,332624120,False
542715,338132680,False
77303,197791592,False
190686,233555000,False
427162,302538800,False
505464,328603304,False
541640,338115408,False
426758,305809448,False
590927,348519320,False
370239,285584480,False
630894,363708056,False
652858,369503128,False
412687,302207632,False
43376,192177880,True
496991,325970080,False
127209,216963584,False
507633,328819920,False
672395,372000712,False
245902,251226712,False
165762,227130064,False
533763,336831744,False
211402,239954816,False
116763,209423448,False
83943,201594024,False
153660,223736360,False
684186,371799048,False
155706,227012000,False
449703,303040432,False
539253,339886352,False
664740,369439512,False
288199,265522672,False
373450,287206648,False
572718,347794240,False
439132,307878008,False
496244,325114912,False
362871,282571504,False
440042,309946088,False
628749,364743984,False
97404,208319856,False
500360,327448800,False
223711,244104552,False
406120,294257896,False
537509,340393640,False
564514,347202120,False
336123,279795144,False
232053,248081664,False
11249,183267104,True
255394,256381112,False
283992,262897968,False
262955,254733536,False
160217,228161552,False
91501,206199280,False
223606,243442920,False
403153,287782944,False
33453,190134624,True
695436,384499312,False
676597,376389376,False
681790,383273640,False
330375,277336664,False
497326,279616592,False
640657,370674432,False
658216,375349344,False
592479,355137744,False
479319,320488840,False
581869,350202312,False
362559,284544432,False
447472,306589384,False
401032,298337288,False
593909,355170032,False
716064,379356192,False
452910,312375720,False
665449,368600656,False
213233,239486368,False
535673,336060456,False
93805,208108416,False
150152,224375192,False
450265,312229616,False
553211,342998608,False
243012,250962648,False
59425,196711896,False
233391,248615184,False
266319,256192328,False
213020,243383560,False
36675,190449864,True
52723,188939776,True
464412,315210880,False
105878,211495480,False
280468,262031224,False
91027,206245048,False
230934,247201144,False
481465,321917096,False
242069,250879864,False
85962,205500304,False
532727,335964752,False
68310,199713768,False
182836,233233744,False
70755,199777880,False
213434,230001872,False
366778,262119080,False
81186,204200040,False
489504,324489552,False
552442,344236344,False
475693,317601688,False
13656,184735000,True
285617,250958936,False
622219,361675000,False
98834,207690232,False
271010,256962784,False
606711,360300192,False
815306,385892560,False
251071,221411336,False
234249,249637624,False
593284,353932248,False
650195,368793128,False
633346,339762688,False
593195,355287168,False
619222,358040008,False
503091,328382056,False
342347,276254504,False
231453,246239488,False
507158,329138040,False
314773,270252576,False
40429,191564672,True
549861,341630888,False
311331,270682600,False
447750,312840800,False
131279,218655888,False
448062,313436632,False
410072,297185912,False
438089,300783224,False
599158,345424824,False
286067,264822536,False
655297,367800000,False
7746,183234304,True
489435,323967904,False
508814,327951120,False
140762,222067904,False
418377,302500736,False
515873,331771368,False
181772,231218824,False
267657,258725984,False
50215,195357584,False
147867,223275864,False
446799,309462648,False
166920,228806600,False
387332,293053624,False
58500,197101736,False
247287,253758320,False
521373,328011624,False
465266,316839856,False
44931,193762024,True
346240,274661488,False
285328,265401848,False
550843,340088432,False
369414,287815432,False
62874,193338336,True
136470,215496368,False
105017,205571168,False
634344,367242560,False
191359,231351000,False
449127,307132240,False
90684,204903728,False
151124,221599800,False
655043,372703520,False
297896,267421448,False
283323,262709200,False
496100,326196992,False
491423,320603240,False
536509,335681216,False
464645,315040536,False
535413,337405632,False
660593,372819864,False
147897,224227328,False
323482,275005024,False
442776,307210152,False
467640,316532336,False
491311,326295056,False
27570,188408320,True
227436,247106928,False
1616,180642216,True
484693,319218848,False
288528,265062800,False
284137,241671880,False
277804,259375144,False
517620,330933256,False
203519,240171432,False
88744,205151688,False
496643,322025096,False
41199,187111112,True
142916,222375336,False
524619,333428032,False
626444,365091136,False
401805,298611152,False
184623,226664416,False
419408,297419392,False
160466,226642880,False
74615,201857528,False
232352,248390440,False
400653,292972928,False
657197,371759760,False
151746,225252112,False
413065,301610832,False
271747,259078040,False
567604,346951424,False
178727,232857872,False
29303,188407736,True
438460,308231792,False
196403,237469224,False
309375,270679904,False
306281,265529608,False
338239,280191008,False
538418,328768200,False
38585,190570104,True
315939,246016416,False
688344,383143088,False
637196,367700600,False
134330,218755648,False
329675,278467200,False
437289,307390720,False
510908,321292904,False
34094,190395008,True
86454,195896016,False
53179,195356488,False
2740,182489320,True
566161,342376096,False
211890,239653992,False
300749,266939944,False
556847,345822152,False
334726,278252000,False
458259,317802960,False
203868,238442144,False
32536,188997144,True
628280,351365984,False
189825,236558016,False
432854,299797264,False
26494,187934952,True
368036,286309520,False
76454,202481944,False
573256,347566504,False
649111,349943208,False
90694,206490216,False
254372,254957440,False
617941,360203504,False
598279,340635616,False
531433,333167960,False
66690,198829000,False
388767,287124864,False
235035,251165624,False
46826,194350248,True
314705,272183024,False
177276,231869568,False
455973,314347016,False
481523,321454448,False
48320,191920352,True
361769,286899016,False
470050,317264448,False
273620,259384928,False
422447,291454840,False
684173,372529568,False
348707,279253616,False
456346,312704752,False
216491,244375664,False
96545,207791288,False
422967,304956640,False
200718,236949880,False
475006,318704728,False
432262,302368992,False
597612,357701224,False
50893,196040096,False
82806,196945520,False
44089,193303840,True
603749,353349040,False
313330,271303480,False
36015,190085168,True
187478,232911384,False
545260,338167648,False
593449,352166472,False
67702,199685552,False
537568,337124088,False
491640,323440232,False
359718,284570120,False
376056,290409864,False
397799,298006832,False
244973,251173864,False
699591,385163992,False
137691,220331944,False
593683,353610688,False
228141,238760704,False
124338,215488000,False
331992,278493640,False
642813,368529304,False
636630,367421256,False
219603,244636568,False
555224,342525504,False
258196,255381320,False
358946,282454144,False
539049,339130736,False
702227,379028416,False
601132,358107168,False
398472,285192592,False
59743,197626192,False
241843,251916224,False
427997,306709696,False
307296,269218432,False
675727,377857848,False
71297,195579816,False
500202,325480960,False
155614,226113936,False
266448,257724224,False
349384,278111200,False
400959,296551368,False
73178,202085624,False
25300,188239312,True
577766,346218320,False
355504,285649456,False
429508,305439784,False
495346,325065960,False
123855,216357912,False
388573,264539416,False
455038,310700592,False
663025,374609912,False
560918,344705360,False
65595,198894320,False
62449,197982744,False
42681,192992624,True
363633,287781240,False
220022,243711800,False
213648,237058656,False
564646,347603656,False
198545,226193656,False
638966,366106688,False
101214,209232192,False
270759,260098824,False
90140,206194712,False
602154,352166584,False
170044,207599032,False
359314,287761336,False
172000,230052592,False
99419,209060496,False
262091,257320760,False
66193,200118592,False
537194,333456336,False
420866,305843272,False
13806,185202984,True
499417,326321008,False
702909,386451144,False
146265,221313504,False
457764,310724136,False
199090,237889296,False
577388,351105600,False
88171,205408992,False
99251,209959304,False
214417,241873472,False
358240,285704344,False
296140,265484024,False
541507,334121624,False
520294,329800496,False
150244,224065488,False
632223,366716296,False
555569,342570632,False
213393,243517776,False
346835,282293048,False
619950,364481384,False
585110,348610248,False
679055,310034056,False
588372,353642584,False
103228,197183376,False
537555,337244592,False
134118,216604144,False
341021,281718136,False
394840,296500480,False
21381,187072360,True
372131,289288032,False
190265,235046640,False
633733,365718392,False
659483,372587512,False
549947,342361992,False
134856,218011312,False
407709,299258136,False
128132,217281056,False
183905,232976160,False
473301,316664744,False
176927,231525888,False
87903,205695544,False
51412,195658864,False
353215,283501352,False
696744,383877696,False
675057,370596928,False
546608,336954816,False
77658,192725096,True
56804,196950968,False
288241,263856944,False
546705,341020160,False
448991,309062896,False
562645,341393424,False
497619,322570488,False
54039,195029760,False
519234,332493160,False
619515,356845576,False
94678,208142208,False
121239,215281344,False
327697,276747432,False
530419,337660880,False
648584,371878528,False
630074,366681112,False
633236,365823664,False
385159,290428072,False
336326,274958936,False
696373,347566688,False
495030,327118280,False
78247,203279672,False
88847,206166976,False
210298,242514304,False
88287,205352032,False
318960,271005728,False
329393,276457728,False
373554,290811480,False
218056,240859840,False
120247,216930640,False
464092,316082904,False
672839,353396672,False
464740,316458536,False
26263,187001424,True
307471,270863016,False
233211,248929136,False
2829,181715896,True
331980,277676136,False
458468,314182544,False
139644,223413208,False
484306,322864752,False
226148,245686296,False
41151,191968016,True
299086,268343928,False
701078,386175384,False
328164,247000112,False
190862,234593744,False
595716,350366040,False
583759,351875096,False
95961,208085344,False
253236,254418736,False
19751,186235056,True
215915,243232248,False
44426,193182464,True
278130,261173688,False
657023,368153560,False
241805,246705984,False
91963,200747984,False
294674,267308128,False
698609,377922920,False
297179,266272736,False
166274,226640856,False
347305,279665800,False
422145,302549568,False
76422,202901360,False
695779,381485624,False
91257,206105600,False
257815,255940584,False
322625,270411632,False
107332,211486872,False
194465,236963696,False
446654,311665688,False
506739,328188776,False
593635,354315040,False
9607,182840976,True
688365,382187184,False
262923,254758416,False
39106,190780256,True
324103,273140648,False
368490,287767224,False
283446,263643008,False
678408,380604768,False
16003,184154544,True
576142,336456024,False
168277,230969176,False
678679,379069800,False
176301,229479264,False
9815,182910904,True
678996,373865488,False
22358,186360424,True
474762,318724192,False
321055,247019240,False
235371,248452912,False
311819,272613552,False
569204,339130392,False
264181,258660016,False
503579,329631176,False
118247,214667680,False
100711,209666560,False
53445,196418664,False
509276,331004864,False
472134,320012128,False
358644,278032512,False
596707,356386288,False
599164,356279288,False
415638,302542312,False
279038,264750776,False
153620,223801536,False
532175,339277736,False
596559,346469800,False
46752,191075216,True
448569,313066144,False
1000020,379739248,False
458246,313453216,False
541561,338944088,False
202161,237427648,False
256062,256541272,False
465977,316638936,False
24491,189484744,True
174226,231491216,False
20075,184927768,True
394146,292912992,False
41492,192702888,True
181131,231357184,False
647099,369971576,False
727576,382636120,False
208805,239858624,False
463150,288838272,False
608441,359547024,False
854,182002496,True
69629,200163952,False
234950,245274288,False
603599,358346680,False
251838,252868200,False
154725,223768832,False
200577,237044192,False
414748,301621648,False
167882,228588184,False
389438,294586440,False
258446,256543952,False
410668,299940192,False
460123,314584448,False
438941,306703640,False
664897,373088616,False
704832,382690304,False
495745,327526880,False
417550,302507672,False
595890,353097920,False
665704,375017584,False
237122,243181640,False
285672,262448880,False
494409,325332320,False
77057,204048320,False
506356,328534592,False
238923,250925032,False
88401,205540008,False
353825,285007560,False
517633,332154384,False
234712,248301312,False
55704,189890408,True
140071,218011904,False
462623,312126176,False
613110,357946120,False
509906,319036416,False
329590,275484400,False
476337,319980008,False
58990,196009384,False
557943,344572800,False
493270,322305304,False
396958,293325184,False
604204,354240368,False
166138,229731624,False
696983,384552376,False
510779,326022248,False
416946,299403456,False
233327,247169544,False
696540,378386248,False
64860,199823448,False
171945,229878072,False
387999,293024480,False
570605,349023696,False
151229,224427416,False
617061,349583944,False
492180,324875776,False
281855,260118784,False
241579,239836584,False
318270,273754472,False
319330,274156600,False
691572,383461608,False
459549,315773360,False
342217,278991472,False
151868,223821784,False
110244,210200320,False
239390,250566264,False
171793,230912528,False
544237,335218736,False
173503,231401928,False
400827,299295976,False
403865,299278632,False
681421,382158096,False
464761,316872856,False
602419,354693760,False
436236,308834976,False
15653,184958008,True
369851,284986664,False
205539,240236928,False
260666,255510288,False
703052,384914176,False
77136,199431888,False
237550,250686112,False
569398,344836904,False
346223,280066880,False
520100,328422552,False
60439,197218080,False
419517,303112224,False
519910,328182440,False
442720,311557696,False
517012,333053448,False
144005,223659872,False
444052,303112768,False
71966,201129224,False
545243,341840360,False
507112,325786808,False
357783,261596816,False
35549,187187424,True
172630,230577616,False
441824,311431736,False
669104,370784592,False
308370,271154952,False
682910,381286888,False
483758,322113032,False
335666,262672072,False
119935,215216912,False
312046,270079624,False
369650,286340640,False
261856,257471832,False
265623,259891432,False
247621,253386408,False
166980,229586464,False
103830,210844512,False
142047,221686504,False
547908,337975928,False
442414,312088392,False
458195,292818712,False
599631,355999088,False
287141,265243592,False
280956,263164224,False
639806,368867128,False
543672,339408872,False
183059,229275528,False
507281,329202312,False
287600,263843576,False
286067,265965504,False
220496,244616008,False
522440,328248856,False
181263,230167552,False
363583,286471808,False
367052,282196984,False
483472,319672928,False
96241,209204936,False
398884,295204640,False
336683,279494568,False
544702,331006176,False
192408,238428608,False
596649,354114512,False
52938,189022160,True
251525,229549008,False
381774,291632080,False
378226,283870080,False
268362,259014944,False
372820,290155680,False
364739,288158080,False
197569,238781296,False
572996,342889184,False
692405,385120136,False
149885,213947712,False
159592,226708848,False
284354,259760880,False
440977,307846880,False
313212,273174096,False
179967,231986904,False
459404,316334968,False
540519,336632056,False
596624,345841760,False
545274,335010864,False
213674,244319560,False
238796,248792320,False
258080,253490360,False
552628,345613576,False
240163,231551152,False
508246,324196096,False
589796,347507584,False
138654,218917280,False
352299,284445296,False
25280,188300720,True
160856,227144248,False
640400,361115512,False
269942,260299768,False
211338,214437952,False
65504,199852336,False
565302,348093552,False
688838,383407552,False
547369,337761320,False
320237,274543280,False
186755,233296104,False
587081,354426688,False
502500,327560200,False
454052,312846992,False
59068,196644744,False
130656,217687768,False
281163,262379024,False
643168,367571000,False
174420,229920744,False
222382,243055576,False
306257,270122544,False
443438,307935328,False
42525,192317168,True
691018,378651304,False
370684,290299808,False
352224,238211352,False
678482,379949032,False
439752,309487096,False
256693,251609352,False
462846,316801232,False
194964,233723112,False
656552,374856032,False
449569,305247312,False
240580,249759144,False
103555,209098088,False
692451,379910696,False
337850,275859776,False
223408,246028712,False
239317,247758664,False
128988,200609632,False
467020,311281512,False
523504,332880912,False
529960,332738064,False
550313,341412696,False
456190,311084984,False
522632,334083360,False
412909,298856944,False
141168,220642176,False
587875,353785024,False
427983,305739200,False
305771,264970064,False
202129,230296856,False
605798,358699832,False
57655,197322912,False
272088,254674200,False
574588,348837064,False
25745,187720432,True
126442,216944288,False
469285,317999112,False
620822,364459168,False
327860,277031488,False
377833,290719232,False
445836,310277416,False
398202,293777568,False
454987,310254584,False
623871,364106376,False
194206,235529960,False
302262,266499072,False
391915,291218360,False
409280,301383496,False
34016,190710632,True
439338,303480184,False
249058,249293128,False
402451,297314280,False
472822,317712480,False
251858,251682336,False
515121,327339488,False
577460,346165000,False
129097,217798640,False
415610,298286200,False
184217,234021344,False
218964,238178648,False
415019,301965736,False
40933,192058488,True
312807,272771104,False
298784,265408240,False
317725,270216240,False
241161,250811312,False
70381,199526408,False
292438,265140960,False
670059,376776400,False
588182,351995424,False
532510,335481800,False
432018,304359168,False
622017,356896072,False
656373,368910392,False
653616,370845080,False
703227,385659224,False
177685,229530080,False
112198,208701168,False
241335,250703864,False
94880,198056168,False
84846,203600080,False
119187,213976088,False
479506,320025504,False
66548,199459000,False
68012,200137400,False
689753,384313344,False
404792,298275816,False
365705,285004376,False
223794,245692040,False
83223,204380840,False
426108,303916928,False
438921,308523120,False
161414,226388240,False
266670,259408792,False
533060,333008520,False
646325,368071384,False
70645,203147840,False
367420,287490952,False
636622,367303048,False
165197,227767072,False
471144,319768144,False
373504,291376720,False
513781,326335184,False
238211,251296200,False
344103,280892280,False
585811,351284080,False
341996,276482296,False
314297,271818416,False
571630,341776496,False
381415,290861048,False
542742,339510104,False
366339,287651048,False
532318,332580408,False
555868,338776912,False
366814,287988800,False
513131,333674312,False
294909,266414776,False
224091,247443144,False
143484,222401672,False
367155,287810040,False
71488,200972720,False
370776,290248688,False
228325,247605696,False
184207,231494784,False
486320,292539352,False
524462,333629272,False
355002,283745952,False
228540,246374016,False
465020,308189136,False
396905,298994664,False
659390,366368784,False
378811,290310336,False
302510,264246824,False
510666,332550184,False
317839,274313968,False
638562,367759296,False
390428,294039344,False
107895,209791528,False
318072,275669032,False
411200,301336320,False
171868,230418840,False
542451,334603496,False
325971,276397680,False
564318,342594464,False
487550,322878600,False
663677,373740064,False
601520,358716920,False
617608,361187248,False
68095,200723320,False
731617,380673480,False
124096,216094240,False
416500,301644984,False
530606,336660920,False
349599,282519232,False
44384,193350272,True
497269,325670808,False
630189,354302968,False
211575,238113776,False
603041,354991440,False
265434,255627408,False
58518,196853672,False
616331,362681968,False
383226,292974800,False
635941,366822504,False
354105,284173304,False
308470,264649520,False
199122,235719832,False
255737,255929008,False
683775,376463912,False
151489,223706856,False
670859,374076568,False
225164,246538856,False
52576,194763032,False
182811,233482048,False
276460,256593720,False
285898,263010208,False
95982,207839256,False
658142,367742504,False
151331,223363664,False
455508,314588992,False
589964,352977424,False
573730,349945888,False
258454,251605520,False
319185,270963576,False
422612,304802856,False
20139,186518192,True
452424,314996032,False
155350,207659560,False
239649,249973808,False
487667,322263840,False
395594,296379048,False
244372,247236976,False
123166,215419792,False
59402,197214776,False
61079,198170016,False
526619,329067840,False
116579,215395496,False
401254,297875448,False
552368,343760304,False
284836,258360344,False
660175,373366424,False
549560,342501328,False
17169,185115720,True
424007,304508776,False
281342,263508008,False
218023,244526632,False
567483,345301976,False
146457,223481432,False
340876,279745080,False
421917,303366440,False
444071,305933312,False
562617,340284928,False
445298,311274480,False
642801,369238768,False
259241,255587056,False
623441,333535448,False
530144,335398176,False
463079,312669024,False
533023,336792408,False
506998,324327952,False
521311,333067048,False
277898,261378104,False
647426,368911176,False
192964,234496728,False
567611,339902824,False
18082,185020152,True
135399,219620728,False
150231,216748232,False
259242,255777960,False
565609,344600744,False
342134,279969608,False
379263,290091016,False
375978,285506456,False
330383,276781304,False
41913,192279968,True
633654,364873104,False
276805,261877800,False
74267,201998384,False
447860,311975352,False
396195,297685536,False
345547,279148960,False
234485,249416736,False
108271,211540448,False
442766,303454928,False
614036,350131632,False
611278,358463720,False
299261,268884968,False
55049,196353016,False
475556,315546352,False
50877,195050728,False
75110,201640880,False
180643,227357792,False
42840,192485984,True
592207,353120256,False
590733,352001776,False
527781,334243232,False
40166,191551304,True
173812,231511840,False
20385,186321280,True
369105,286628296,False
57173,195979880,False
204155,240165320,False
318860,273158168,False
571963,345163928,False
231152,246424440,False
108175,211894664,False
250782,245426864,False
576724,350807312,False
19986,185894032,True
639546,366949888,False
180478,233647432,False
373167,289441920,False
221656,244017360,False
591771,353522408,False
676437,371609400,False
313395,268689488,False
282574,255920656,False
255129,255080696,False
74889,200586352,False
84186,202875168,False
548150,341180968,False
184863,235131544,False
469444,319464208,False
391348,293637376,False
667075,377254640,False
516556,273947352,False
732218,384597856,False
243951,249480016,False
445039,313732080,False
57963,196545632,False
606832,354944552,False
639745,355065696,False
51664,189390728,True
467740,306384616,False
499379,329633792,False
430852,303742208,False
903187,371780096,False
530731,336390648,False
272228,255851992,False
252504,253873552,False
406948,299141984,False
634414,358369624,False
571561,349684280,False
680336,376420936,False
333882,276791840,False
621906,328002424,False
560080,343826344,False
264249,258045592,False
490137,320073040,False
293005,266254904,False
14505,183618104,True
529546,335808344,False
205768,241251072,False
452665,312566504,False
28032,190397176,True
45787,194109064,True
400216,271921088,False
373483,286463064,False
685703,379435984,False
403401,291273464,False
250409,253740960,False
41955,192127400,True
217434,243341648,False
654989,372204496,False
520037,326638752,False
207355,241005832,False
361611,284912584,False
464185,316776808,False
129475,218670504,False
686739,380516984,False
27637,187950648,True
17044,184886224,True
280450,260053760,False
61702,197148688,False
233603,248154536,False
627123,363396648,False
691951,382420576,False
117689,215613704,False
442144,308988160,False
550951,342200864,False
301807,268532464,False
100361,209619544,False
617565,361349608,False
621354,361299392,False
230140,247092424,False
652612,371966144,False
42899,192047416,True
417823,300342168,False
77396,203513472,False
39757,191340408,True
178842,232140624,False
639250,367510240,False
389809,296233528,False
250117,255797968,False
267129,254722136,False
694380,346972144,False
656124,372276080,False
450236,312968544,False
67509,195856240,False
663869,368070032,False
294366,266438968,False
526747,329644976,False
496354,324141816,False
505765,308846488,False
4182,181981224,True
508788,329343552,False
429967,307307472,False
57652,197559888,False
395139,287762048,False
519574,332947920,False
593078,354454904,False
541666,337542400,False
584525,349026880,False
407718,300583192,False
201933,231250800,False
436540,309274008,False
168540,229233720,False
363949,283470328,False
682855,380304248,False
227257,246499000,False
640712,367325928,False
459744,314339624,False
121366,214824656,False
543708,339535512,False
240531,245089000,False
494992,322038856,False
638636,366360168,False
669271,352354656,False
344171,281502904,False
286781,263179232,False
386424,286328512,False
601681,358834408,False
142916,221281776,False
77703,202648904,False
228003,247062544,False
309896,268608096,False
510020,329286616,False
605130,357417984,False
350006,282318648,False
380201,284453384,False
153449,223070528,False
562183,342584168,False
10681,182863856,True
302475,269494432,False
398036,297813136,False
357530,285157584,False
402501,296852256,False
579298,346935920,False
583954,336672600,False
335242,278139792,False
591950,354498920,False
15993,184394384,True
293649,265408520,False
237478,248412552,False
59663,197329576,False
329887,268096296,False
75016,201127376,False
47465,194270488,False
131402,218656672,False
489531,313966400,False
558935,341797856,False
285349,264906120,False
515758,330196896,False
108796,209917864,False
465033,315933624,False
561554,344665608,False
483630,317027600,False
118763,213960488,False
362720,282639016,False
615020,353823288,False
112511,214024288,False
253061,254178552,False
67435,200724248,False
17907,185615136,True
15672,184948832,True
109074,208355408,False
14144,184425480,True
317107,272462848,False
554210,340330344,False
500476,327040672,False
577263,341024808,False
235150,249022776,False
236678,249165936,False
594511,349364656,False
452141,311475200,False
690506,381700024,False
374469,288432880,False
254298,253746024,False
317844,273598224,False
510807,322392672,False
104571,210017080,False
46327,193529328,True
379036,291324000,False
527697,329113080,False
140100,220874016,False
545658,338337016,False
488198,320639576,False
171058,231212208,False
131249,219518776,False
610883,350656728,False
36760,190110216,True
676537,374986096,False
187787,234426632,False
330066,275772024,False
264364,254374648,False
69219,200444568,False
500133,322340336,False
490740,319095552,False
665761,372991384,False
75414,201707464,False
369126,289408280,False
679205,378755344,False
702419,385089856,False
602394,356592600,False
289561,265384648,False
319333,275047112,False
597216,349125848,False
581525,351645456,False
528562,334695720,False
334344,233999480,False
334072,278138712,False
604761,334237888,False
526244,324173120,False
456626,312729992,False
48251,195932888,False
414408,301835096,False
175541,232647728,False
288476,264943400,False
103171,210751192,False
98708,209740344,False
197342,237464088,False
639824,368476104,False
482423,322681464,False
642079,367333552,False
125589,217263656,False
59603,197306928,False
560727,344156288,False
173084,232102872,False
443541,297201144,False
525048,335028712,False
437740,307844160,False
524366,333671600,False
22289,186158424,True
487180,287658304,False
687727,382031872,False
622561,363019600,False
627357,363933392,False
434675,306267920,False
248344,253962808,False
497365,320701880,False
478420,319546304,False
465749,315860464,False
447414,310691544,False
637579,365195048,False
160465,227162952,False
237031,244171128,False
400120,279791328,False
158036,224979952,False
407668,301074576,False
120484,214260136,False
225001,245388152,False
288836,259356520,False
646272,366375904,False
178870,232212696,False
472859,314827352,False
269557,260109384,False
305611,267593800,False
11001,182939152,True
61444,198448792,False
685457,379634696,False
445228,309465016,False
392087,295126464,False
369349,287388928,False
284704,261309648,False
460422,310347952,False
105767,210313064,False
196058,237593072,False
22295,186989248,True
604404,357066296,False
268233,245560776,False
364517,287348656,False
223230,246897816,False
461950,302966208,False
354207,283516064,False
596991,356065744,False
409678,294926768,False
64473,200741048,False
344871,281391256,False
557837,342594464,False
356718,284011944,False
228217,233342376,False
667378,375512200,False
143493,221386720,False
120829,215327528,False
394764,295761824,False
436939,308044928,False
610910,352773864,False
214721,244544448,False
566101,347480176,False
564671,344574504,False
554530,338937528,False
508722,330217768,False
16094,184867816,True
608196,358762296,False
72971,201386720,False
435084,254919408,False
619096,356232240,False
155570,224449448,False
112041,212648640,False
126454,215875952,False
15818,184770760,True
287117,264661160,False
156434,224821832,False
336694,278078688,False
652133,370311408,False
305909,268325136,False
651370,371291496,False
191887,235173440,False
416950,300667152,False
479276,315744376,False
520309,327872832,False
503012,327875736,False
543171,339434336,False
411796,300027880,False
443644,310234960,False
181972,231999552,False
264083,255532760,False
139406,221489256,False
66648,199802912,False
204879,239081296,False
673384,378023728,False
234876,248090832,False
305182,267379080,False
98764,208456704,False
577855,350306160,False
286204,261783832,False
642624,361822104,False
669199,354190456,False
287928,264498312,False
552289,337355280,False
78373,203323296,False
378741,291512720,False
32557,189916424,True
506025,330400768,False
189172,233689152,False
442142,307741384,False
576213,292988224,False
102223,210204744,False
281434,257265800,False
902,181146592,True
579554,344205704,False
189915,235114048,False
682166,380735944,False
451773,302888248,False
49074,194141048,False
447243,307091272,False
8524,182068376,True
643092,361490896,False
534752,331619560,False
102652,210153320,False
169484,230743896,False
515728,332226680,False
242399,249735216,False
637935,366097016,False
68347,199946144,False
447762,312662624,False
219545,242280680,False
609437,355040112,False
75187,200916600,False
158274,223950320,False
428131,306725824,False
573588,345105416,False
309921,270983632,False
451138,312314768,False
578645,348717776,False
697149,365665696,False
216268,244907968,False
498993,321578264,False
579746,338969080,False
518809,330749576,False
402694,298268608,False
701112,384824392,False
221950,245124208,False
610815,346398000,False
257160,251804200,False
399940,296613400,False
332898,277112408,False
158203,227103352,False
294952,266645184,False
458178,312951992,False
685700,380173728,False
376252,288784400,False
638946,367228936,False
657663,365153104,False
537316,337482344,False
112332,212604184,False
558865,342913680,False
266433,257903296,False
365261,284995528,False
124475,216160864,False
489980,320090120,False
271981,258017696,False
59623,197587472,False
556255,343036232,False
56453,196847304,False
38793,192860056,True
352748,281577864,False
359581,282843896,False
696280,383377328,False
353247,283535072,False
446386,306231208,False
461419,316442112,False
322113,273953616,False
741892,384366680,False
630759,358523984,False
145490,223158568,False
674773,378845304,False
44099,193131768,True
540149,337631776,False
36223,191530832,True
357546,281641008,False
216794,243856912,False
317935,272004880,False
608652,353879000,False
702201,383129112,False
298826,267300840,False
323670,260374568,False
266187,258290720,False
663223,361157392,False
138158,221184376,False
465400,310796456,False
208107,241482688,False
479590,322105024,False
471731,318491960,False
57874,198278712,False
331532,276693072,False
350622,284850808,False
34257,189587272,True
156588,226378064,False
273134,238502752,False
700924,385906968,False
224072,245622472,False
209264,241831936,False
697842,383409400,False
446558,307694624,False
478126,282573760,False
290260,265178104,False
111620,213528608,False
521704,324227336,False
368983,285327328,False
257022,252747056,False
329000,275240352,False
297038,266851656,False
356389,283573912,False
242646,250501992,False
417672,301521872,False
633921,355067272,False
284345,256958416,False
275081,260804008,False
5494,182418656,True
699534,384836960,False
266626,257071096,False
182275,232750184,False
450461,311211000,False
212891,241684328,False
497663,324613320,False
446723,305726128,False
333771,277482632,False
231554,248826856,False
110535,211078968,False
108779,211110592,False
698689,383848680,False
328094,269496760,False
226842,245802776,False
133759,216236032,False
292227,261094184,False
152984,223571144,False
46839,193175664,True
286775,263099120,False
348371,283171472,False
689459,381456704,False
200265,237442880,False
130695,218237680,False
629205,361040712,False
525318,332533160,False
627582,362875424,False
307173,269757200,False
700291,374285920,False
473549,303075544,False
9167,182644864,True
316398,272557824,False
216830,243798864,False
446476,311235888,False
457757,313445504,False
51287,194812768,False
628585,362932736,False
453546,292169536,False
75135,200138648,False
454255,304846168,False
441079,296210944,False
505009,327872784,False
257250,255192648,False
524964,331692624,False
461130,311167248,False
590551,354811024,False
538408,338217496,False
64935,197954952,False
47043,193031560,True
127172,211515536,False
266968,257024624,False
671097,375049904,False
318187,273758296,False
463494,314708928,False
541617,341700824,False
14500,184280304,True
41903,192608496,True
370917,289904912,False
411042,301361544,False
676191,377255104,False
383173,294010544,False
280575,262713856,False
293984,244273064,False
564660,348173320,False
119001,215906976,False
666018,373579232,False
18979,185538728,True
463598,313609792,False
326181,256134168,False
632570,367956920,False
66479,199863896,False
431732,306362640,False
739012,382654544,False
107650,212583928,False
471629,317165448,False
292507,232196592,False
30873,189166728,True
105181,209620704,False
516788,332530792,False
208280,241158456,False
591289,354246112,False
604229,358515344,False
89269,207284360,False
391552,296382024,False
579317,349137968,False
67810,199757328,False
521537,329934280,False
684152,381664976,False
442018,309116744,False
156722,226265640,False
429633,305400192,False
351045,281170552,False
641040,366726824,False
386460,289743400,False
446378,309289872,False
214711,242510584,False
255878,254624568,False
741270,376886792,False
317526,267998864,False
221780,245977448,False
176671,234028984,False
228116,247208008,False
674823,378646280,False
390904,293738248,False
11399,182750592,True
467075,308552920,False
585096,352613608,False
705569,384582528,False
350076,283901856,False
315981,271402808,False
253584,256314168,False
368028,289338696,False
674266,377711376,False
343316,281808176,False
463977,260696728,False
28690,188706984,True
642877,366333368,False
235662,249431608,False
571149,338742776,False
177438,232064512,False
18901,186755920,True
264013,256769200,False
553249,331926272,False
411838,296374496,False
432335,309011520,False
111257,212246480,False
671140,374403528,False
604135,358243184,False
688698,380012896,False
365885,282453240,False
569503,345026416,False
486469,323203688,False
602543,351679968,False
493004,315772488,False
571989,347117632,False
312587,237131200,False
387589,294058200,False
639079,368635424,False
586023,352252880,False
297457,269656768,False
419249,260247448,False
79569,203401216,False
583706,351496352,False
574241,342188472,False
259791,257449488,False
513091,331611552,False
305334,264639992,False
626125,360159656,False
370645,285290176,False
76163,201871576,False
104673,206796424,False
68111,199783424,False
429256,298626368,False
621883,359088992,False
293729,263211416,False
434257,303757664,False
65317,198290032,False
276870,261717552,False
231984,242301456,False
543345,338516232,False
124007,215321616,False
616930,363160176,False
365446,281427608,False
499971,322867496,False
431066,307611824,False
404966,247253056,False
243289,251910616,False
555438,342818136,False
181033,234036984,False
46396,192966464,True
491668,320050264,False
421701,304584456,False
302074,268647064,False
688475,377374640,False
546657,342385096,False
337545,278760112,False
599356,358193312,False
446486,308434680,False
42849,192646528,True
534789,307419448,False
589049,354236736,False
560424,346547224,False
638697,368457504,False
699912,332153816,False
491298,325610256,False
586680,348959352,False
680925,376273680,False
321602,240334584,False
655267,375067320,False
569390,343048856,False
182480,234746744,False
267068,258456016,False
424677,303783336,False
304257,270131672,False
668751,372181280,False
652589,371748056,False
253937,254374920,False
555868,334525360,False
66525,199099368,False
340307,279427752,False
130169,217656280,False
502971,327333104,False
505562,320450312,False
130456,216738416,False
201571,238886144,False
723375,379536824,False
170661,228120672,False
44017,191629216,True
271303,260046824,False
67518,199060024,False
218723,242876912,False
478759,321937944,False
365991,284130488,False
146711,224580416,False
131436,213311592,False
590968,346696608,False
110317,209594312,False
155378,225808432,False
415161,297592376,False
570259,347530088,False
438496,306041200,False
231392,249512016,False
604295,357804840,False
25410,186605600,True
21593,186791584,True
104812,210625136,False
550630,344560320,False
412744,301299920,False
444323,309164288,False
672070,369619488,False
366009,287115240,False
186034,234091552,False
394015,292658160,False
83319,205170896,False
543722,328767032,False
126433,216717072,False
458535,289208560,False
38470,190400568,True
652454,371722328,False
311895,272626752,False
182857,232786240,False
374658,289730880,False
314333,271669336,False
436652,303620448,False
232456,249370912,False
337206,278202656,False
440780,311219320,False
90828,206421144,False
492777,320830560,False
56808,196895360,False
419700,292377480,False
555530,344668448,False
464401,316753152,False
428806,303126984,False
243589,250009512,False
2736,180701840,True
696826,376865184,False
96499,208451968,False
325015,272618200,False
440026,308719888,False
343999,282181576,False
450225,310557208,False
684374,379926984,False
135905,219527752,False
473096,312307904,False
581021,349930728,False
382053,272186144,False
49040,188137608,True
447595,308516544,False
540772,338030032,False
511717,331470776,False
368488,287815848,False
625147,357970520,False
576251,347443024,False
148713,223307320,False
470568,317842168,False
235457,249318248,False
341818,276670008,False
218092,245557488,False
48862,188352888,True
335518,278539432,False
358169,282682096,False
135282,219861616,False
351860,283262368,False
109042,210894984,False
438525,305577096,False
81150,203622040,False
477394,319485392,False
147515,220784856,False
549188,338805336,False
688077,383969128,False
418617,303015960,False
237942,249249008,False
483368,314179016,False
401880,297826848,False
497113,319777288,False
52855,195601304,False
653613,371241504,False
625225,360154784,False
524430,328519744,False
681118,380404024,False
334301,274569864,False
676104,378654528,False
443345,310186232,False
684270,381518944,False
515042,326060768,False
91633,196854456,False
45043,193036232,False
181550,233480408,False
404182,281659096,False
107028,210883416,False
331372,276128280,False
133110,220231040,False
659354,373656200,False
287517,263243128,False
604453,358063208,False
181878,234171528,False
379946,283813904,False
231080,247651696,False
87627,205669360,False
156323,226090976,False
101149,204867408,False
629781,365456480,False
150823,221484064,False
460206,314097152,False
203135,237496416,False
82269,204360096,False
471690,319226976,False
140388,220756728,False
115938,213423520,False
505545,328757976,False
454628,292937800,False
459733,316146640,False
720226,378777952,False
19511,185902232,True
468803,318491464,False
109816,212460000,False
607672,356336656,False
686589,383405312,False
181247,233133672,False
544929,340180512,False
483324,321726400,False
708068,386319832,False
572299,348039944,False
489604,324543464,False
153651,224336240,False
409836,300880752,False
625001,352917424,False
279530,261790728,False
565717,346905584,False
725588,359601024,False
517199,334167648,False
656025,371976912,False
426971,304156088,False
120526,215416024,False
65819,198977056,False
221427,246295704,False
73697,201162488,False
640783,350878656,False
494192,323207984,False
559563,345038832,False
30678,188943008,True
475222,320197624,False
444800,300409072,False
224239,245058696,False
549725,341737848,False
509163,330062856,False
258255,256113896,False
534442,337410400,False
498208,304074320,False
80493,204280872,False
484831,321998480,False
543730,308870904,False
46610,194348136,True
213394,241837432,False
77608,203250272,False
481018,317485272,False
391199,290704680,False
80744,204586688,False
456923,314817104,False
395542,292312984,False
285794,263521784,False
73336,201475640,False
456043,301219288,False
371882,279630608,False
515901,331562768,False
588549,353933096,False
549739,340337056,False
26145,187546400,True
68101,199642832,False
515089,317592008,False
580617,349584472,False
452430,309206088,False
559820,343502048,False
262415,257496408,False
315330,274263488,False
196351,237606552,False
97310,208227808,False
518856,334058896,False
148807,224393200,False
102157,210817800,False
254468,254510632,False
392081,292782248,False
576963,346527208,False
120925,214520664,False
673934,379660912,False
618529,356480008,False
540913,330194288,False
275096,246621936,False
491653,319706872,False
748672,366934864,False
76512,203432072,False
101446,209040216,False
603615,356832176,False
438826,275896792,False
261072,257670760,False
57756,194532528,False
503192,328750176,False
13274,183264720,True
267736,255966888,False
521889,332463008,False
496965,326168576,False
327233,275280256,False
656784,375311472,False
268869,259691400,False
492264,324348896,False
330838,278997512,False
368620,282659184,False
45972,189313224,True
345020,278816264,False
475824,279303200,False
312945,270390440,False
232024,249594312,False
589740,347314920,False
359008,286352856,False
88411,203783288,False
276464,251590072,False
388384,295778232,False
67500,199078888,False
627394,362951856,False
442378,265594744,False
399718,294590864,False
264414,258322240,False
134665,220629080,False
248303,252300408,False
389094,290024712,False
427883,306384448,False
81557,202999360,False
608698,354835864,False
25319,188144544,True
446572,311318656,False
597791,352795232,False
214547,242710936,False
247081,236550792,False
431295,307483120,False
225391,244921328,False
593965,354504568,False
27139,187643464,True
602152,355728136,False
706963,378701880,False
638562,368402624,False
685568,381187560,False
647970,370458120,False
399164,283436504,False
196944,236987584,False
317399,273384512,False
191826,235283856,False
620657,353064512,False
123271,216968408,False
482270,318717824,False
630311,364887048,False
518425,330277304,False
215053,242761096,False
175017,231477608,False
356993,282156208,False
271249,259895752,False
353617,284545176,False
11918,183467928,True
423188,300536160,False
169349,229122712,False
512865,320487320,False
300657,268158392,False
66493,200385208,False
606598,357674656,False
22913,187360968,True
354550,282602792,False
291968,264027752,False
693034,369924080,False
90396,206291616,False
220769,229659384,False
209279,241352352,False
526690,330272872,False
120669,214789432,False
343582,274320072,False
506792,328953056,False
240631,250077624,False
505563,329148800,False
357891,282851752,False
110824,211534152,False
421271,300207664,False
666943,373344704,False
127293,217258864,False
252504,254344312,False
34762,189886456,True
444060,307865856,False
521764,330206416,False
335987,276234696,False
74374,202311744,False
203553,237865216,False
400701,291750160,False
349369,282046104,False
93240,207840832,False
303368,268438584,False
313792,262931112,False
516020,332691928,False
616742,357196848,False
481164,323640160,False
644234,358969672,False
459551,316139784,False
658032,373192384,False
612918,360920288,False
37617,191677976,True
62544,197757672,False
348339,282963232,False
621178,362181200,False
256953,253348904,False
264883,253786456,False
299455,267434704,False
50926,195003160,False
190676,235341440,False
124985,215978088,False
673824,376981344,False
14957,184708488,True
477097,319026528,False
430074,294385704,False
674857,378304208,False
96707,207844776,False
81580,203272976,False
114432,214138648,False
792577,364607536,False
489425,319624232,False
429115,305933320,False
591821,355699432,False
558550,340156328,False
231258,248086360,False
605176,349508712,False
542576,341796912,False
9181,183040672,True
682374,375741944,False
649474,370107824,False
559738,343602696,False
628994,366585088,False
153079,224072232,False
333928,276735168,False
77847,204092200,False
721061,337180096,False
231901,249356144,False
133749,219799744,False
615766,361785960,False
328057,274259304,False
178361,232965576,False
604510,357809200,False
502657,327608040,False
188415,235393576,False
497322,313984344,False
42794,192759312,True
363713,284492632,False
482544,320602768,False
415586,261058280,False
133585,218072688,False
40448,191968992,True
644294,369356504,False
203595,240001208,False
693924,383893456,False
278249,259744376,False
398577,296763608,False
226909,243476000,False
248405,252636472,False
639841,367602992,False
282198,264676192,False
293542,268065528,False
360520,262633536,False
182385,217312160,False
232593,247397208,False
198786,238630136,False
600111,351632192,False
116489,214910160,False
581224,351516120,False
498533,326724768,False
257675,234456488,False
103523,210464272,False
75216,201390480,False
306118,270483016,False
367780,288085584,False
93184,195081912,False
648401,371610712,False
642504,363137056,False
666050,356080512,False
51286,195577728,False
285432,264983576,False
198482,238257224,False
279177,261448584,False
46606,195268032,True
527230,336675800,False
400317,299205936,False
515490,313895456,False
228052,246532176,False
345483,270646632,False
159912,201941264,False
274864,260633608,False
445938,311650016,False
663394,376088288,False
116603,213096272,False
273907,255268160,False
214049,241644752,False
365212,289053472,False
337526,280302184,False
72227,200916568,False
564570,321203440,False
482465,321727880,False
243972,237834736,False
193942,236241888,False
311247,265467488,False
12138,183790608,True
167663,228080448,False
60272,197800640,False
106059,209294048,False
347398,280097848,False
657065,362003056,False
690922,382853080,False
522498,329566256,False
522866,332652296,False
79836,203538848,False
632414,359121200,False
189769,233934848,False
50698,189468808,True
174976,231228096,False
481142,317813656,False
203612,212382064,False
196280,237234512,False
420842,303301984,False
605401,352902424,False
198911,237867288,False
242855,251181464,False
591458,349795752,False
532552,328893256,False
572626,343636352,False
630538,365224568,False
403240,276856176,False
13771,183368080,True
555630,332594224,False
370970,285475384,False
634571,346547016,False
251977,253356056,False
59667,197329728,False
174663,223154920,False
337433,274497128,False
43807,193121400,True
665658,375714312,False
626423,362477440,False
427066,301242048,False
418766,304627848,False
435902,299538880,False
618969,362168160,False
156198,224232008,False
358776,281497296,False
111229,213230736,False
186328,233777704,False
635693,353825840,False
649897,366200920,False
673872,345334736,False
347110,276164080,False
297097,267816824,False
318578,244182256,False
80847,201554592,False
663369,368448824,False
445436,299224096,False
59199,190135352,True
57847,196209784,False
581038,346716464,False
126963,209308656,False
160979,226266288,False
565044,336429256,False
272142,258119080,False
357034,284557272,False
630936,363998384,False
657789,364584336,False
9724,182101080,True
374807,289349376,False
350523,278128568,False
446384,311550560,False
311844,259312080,False
275988,259290168,False
361340,285245856,False
54696,194680448,False
272087,259423096,False
434442,304414352,False
312812,239308776,False
286238,263735024,False
477879,320472992,False
161866,227570408,False
183485,224916520,False
687828,377421104,False
200767,238108992,False
201377,223330432,False
623791,363006584,False
426717,305980880,False
48918,194953024,False
271568,260077584,False
604247,355973456,False
320305,272227280,False
351977,282796032,False
486420,321298336,False
205063,239381936,False
653857,368985392,False
677916,377866328,False
129429,216123992,False
677405,372084952,False
83520,204812672,False
488354,319223688,False
179172,231458184,False
263286,256421320,False
439339,309220304,False
384027,285828792,False
442670,309303240,False
350519,265197696,False
440877,301850088,False
310881,269934208,False
305796,271252664,False
643163,369286696,False
573887,342617944,False
92322,206805288,False
26880,188243968,True
227205,246872128,False
687991,381775080,False
672310,373281400,False
578786,338648592,False
682712,363824648,False
236018,248804848,False
628950,363565288,False
21617,187496504,True
517170,329773368,False
692842,377471392,False
344955,280232056,False
54667,195120168,False
685293,379223472,False
533589,334960952,False
445818,310662048,False
511737,328967576,False
607497,345185840,False
293215,264684160,False
593766,347151848,False
458956,300814544,False
102101,207285816,False
690771,383263944,False
131462,219396280,False
654791,372637136,False
595160,348886736,False
61039,197751936,False
234082,248740184,False
291375,262560448,False
660743,372749272,False
102662,210213352,False
588803,345659304,False
158600,224540016,False
595962,354628704,False
342095,278741920,False
430563,297480832,False
442129,308434760,False
259966,255390408,False
444786,308893880,False
216655,239588136,False
191624,236438464,False
598327,349889072,False
211170,219325088,False
639943,368653176,False
239784,222575464,False
307802,271748704,False
543294,338581336,False
340741,279330776,False
31780,187796952,True
122766,215735232,False
537900,332059912,False
671691,370572608,False
260639,251105856,False
668986,377294616,False
352105,280676912,False
263927,252498752,False
122310,215403472,False
347142,277697456,False
687142,383465800,False
296683,266110608,False
421187,287541768,False
339219,278019280,False
62007,197413176,False
280003,262422720,False
549702,336648688,False
552494,341408176,False
491834,320653704,False
644867,367834920,False
717642,387097912,False
690090,379269504,False
338171,276190888,False
668843,373968048,False
716477,380398808,False
555031,340700136,False
261148,256390064,False
296886,263651768,False
3467,181322296,True
698364,383981512,False
478801,314171424,False
433516,306755984,False
130683,217214416,False
561397,343773968,False
153344,224876608,False
36422,186842888,True
291249,264838184,False
552455,340803496,False
217034,243113328,False
508559,327935520,False
104497,210209424,False
561421,342661112,False
390657,292683776,False
364554,287989600,False
200445,238794336,False
19800,186296872,True
128702,216085280,False
450925,309592424,False
430164,304979144,False
112766,213189952,False
323558,270788728,False
449551,311389128,False
51209,193477768,False
504597,328669168,False
763645,378399736,False
245778,251817176,False
166501,214322864,False
74601,202557720,False
524391,333442136,False
572895,346427264,False
493970,318845368,False
43486,187582904,True
429494,303274704,False
440836,307826360,False
233998,249835344,False
233206,247635192,False
521246,332334760,False
167103,210059704,False
49573,195835408,False
609603,347203616,False
237257,248671072,False
396587,296318712,False
484956,324093368,False
311895,266886840,False
47110,194063072,True
591402,353847256,False
655466,367360160,False
213730,241347048,False
136848,220100496,False
527718,288195808,False
657619,373126160,False
441528,307728496,False
162107,224827712,False
414352,298024384,False
281595,261441480,False
88910,202539824,False
624615,359750400,False
630222,362360552,False
102522,209324472,False
81620,202262744,False
319341,273324352,False
576259,347588800,False
92315,205839400,False
204469,240174896,False
648002,364758648,False
162837,227165856,False
510330,327638936,False
556904,342495016,False
196524,236518072,False
453001,311070752,False
128896,215949192,False
296738,258789704,False
279445,262631840,False
162475,227521528,False
446207,308350368,False
423768,300206416,False
159197,226251472,False
466127,317703808,False
73211,201509088,False
520966,330156472,False
399088,296197792,False
261667,256191448,False
691051,375045560,False
468312,298605512,False
613446,349924888,False
347182,281374504,False
605277,345664816,False
165598,227064480,False
23877,186491304,True
56507,196548216,False
707189,388298144,False
490954,322100816,False
105054,206486576,False
163851,226732672,False
483251,312902792,False
113136,213404944,False
9431,182682496,True
628044,360455520,False
293061,265595128,False
687394,375495272,False
340559,271541312,False
570989,344878136,False
416800,301595840,False
378846,289697144,False
342065,279755304,False
336347,278309624,False
637586,365761320,False
517743,322801648,False
309462,269879320,False
35642,190683152,True
225273,245646680,False
41727,191767368,True
495352,322390288,False
288833,248760936,False
187717,234671280,False
178683,232292536,False
409943,299239536,False
642112,365445384,False
235926,248892952,False
124419,216829120,False
578501,348998280,False
258921,241221920,False
503838,325366384,False
607142,342922288,False
104006,210276992,False
310283,267237872,False
632968,365222176,False
492059,323845152,False
209544,242213576,False
188789,234922296,False
151299,224252424,False
397937,291012880,False
562036,338524776,False
445887,310055528,False
93722,206772640,False
683798,380424816,False
687141,378869768,False
690449,381045176,False
636842,364967424,False
505642,323735920,False
19761,184665640,True
648382,369338496,False
504795,326608968,False
398970,291946200,False
605769,347448016,False
59968,198770736,False
29327,188181744,True
175666,230899008,False
267480,240750096,False
276590,262065480,False
250588,248100064,False
691534,381145616,False
112286,212178520,False
517189,329849448,False
126723,217281400,False
57763,196418200,False
304515,270018248,False
273018,260331640,False
503379,303177960,False
124014,208363112,False
148576,223265160,False
73177,201856440,False
319279,267090888,False
617408,361793512,False
312149,272262752,False
252532,255275600,False
625167,363036880,False
675942,378848312,False
128405,214372360,False
332839,250381496,False
438240,307031592,False
398583,296825448,False
510781,323027648,False
503094,327480744,False
399339,292600288,False
142762,219510072,False
385362,289100320,False
523948,335209096,False
372256,255714824,False
380119,292320568,False
666923,372890576,False
644144,363550968,False
51537,195530000,False
641312,369391584,False
469564,319715504,False
559141,342864416,False
357886,284873760,False
239876,249602904,False
267357,257084424,False
226117,244468352,False
286440,265698232,False
826438,384244040,False
247652,252940592,False
354728,284063816,False
100364,210036792,False
696637,385018856,False
161043,226658952,False
656850,371590952,False
604431,352741744,False
321119,274617032,False
697461,385180592,False
323045,275368816,False
70185,200736376,False
580600,317614232,False
155355,224632880,False
84012,204288504,False
510246,328447232,False
449287,308538112,False
58185,196209256,False
259442,255744272,False
250325,254448072,False
91365,207421656,False
11460,184102776,True
423712,302218608,False
358058,278980424,False
8248,182493296,True
161468,227464936,False
252360,251159992,False
63712,199907520,False
497811,326266752,False
83272,204790664,False
236582,249740448,False
688930,381441536,False
33143,189620144,True
24100,187389952,True
594651,350468200,False
691445,377532216,False
437792,309444784,False
670042,375750288,False
434833,305292064,False
559484,342282544,False
592883,315604488,False
293779,265457000,False
316061,269044584,False
378032,288713792,False
501215,327124200,False
68104,199687072,False
125247,216212528,False
514865,319079536,False
447526,306012416,False
112412,212294680,False
537236,336676400,False
36679,191773968,True
629090,364370464,False
443479,310337464,False
478964,321043608,False
214273,244732832,False
300760,268312984,False
273239,257702304,False
168653,229946752,False
506447,328368736,False
565439,345295104,False
282711,265074400,False
117270,212901392,False
602546,356437080,False
214635,243493440,False
582590,350831112,False
190787,237409608,False
106552,211971608,False
453230,314883096,False
151142,225434000,False
570481,339938376,False
367935,288858112,False
180289,234757928,False
628842,366003480,False
32438,188476456,True
367028,289100304,False
